graph_generator_type;number_of_threads;matrix_size;distribution_threads_model;computing_start_time;computing_end_time
0;1;100;0;Mon Sep 22 20:53:41 2014;Mon Sep 22 20:53:41 2014
0;1;100;0;Mon Sep 22 20:53:41 2014;Mon Sep 22 20:53:41 2014
0;1;100;0;Mon Sep 22 20:53:41 2014;Mon Sep 22 20:53:41 2014
0;1;100;0;Mon Sep 22 20:53:41 2014;Mon Sep 22 20:53:41 2014
0;1;100;0;Mon Sep 22 20:53:41 2014;Mon Sep 22 20:53:41 2014
0;1;100;0;Mon Sep 22 20:53:41 2014;Mon Sep 22 20:53:41 2014
0;1;100;0;Mon Sep 22 20:53:41 2014;Mon Sep 22 20:53:41 2014
0;1;100;0;Mon Sep 22 20:53:41 2014;Mon Sep 22 20:53:41 2014
0;1;100;0;Mon Sep 22 20:53:41 2014;Mon Sep 22 20:53:41 2014
0;1;100;0;Mon Sep 22 20:53:41 2014;Mon Sep 22 20:53:41 2014
0;1;100;0;Mon Sep 22 20:53:41 2014;Mon Sep 22 20:53:41 2014
0;1;100;0;Mon Sep 22 20:53:41 2014;Mon Sep 22 20:53:41 2014
0;1;100;0;Mon Sep 22 20:53:41 2014;Mon Sep 22 20:53:41 2014
0;1;100;0;Mon Sep 22 20:53:41 2014;Mon Sep 22 20:53:41 2014
0;1;100;0;Mon Sep 22 20:53:41 2014;Mon Sep 22 20:53:41 2014
0;1;100;0;Mon Sep 22 20:53:41 2014;Mon Sep 22 20:53:41 2014
0;1;100;0;Mon Sep 22 20:53:41 2014;Mon Sep 22 20:53:41 2014
0;1;100;0;Mon Sep 22 20:53:41 2014;Mon Sep 22 20:53:41 2014
0;1;100;0;Mon Sep 22 20:53:41 2014;Mon Sep 22 20:53:41 2014
0;1;100;0;Mon Sep 22 20:53:42 2014;Mon Sep 22 20:53:42 2014
0;1;100;0;Mon Sep 22 20:53:42 2014;Mon Sep 22 20:53:42 2014
0;1;100;0;Mon Sep 22 20:53:42 2014;Mon Sep 22 20:53:42 2014
0;1;100;0;Mon Sep 22 20:53:42 2014;Mon Sep 22 20:53:42 2014
0;1;100;0;Mon Sep 22 20:53:42 2014;Mon Sep 22 20:53:42 2014
0;1;100;0;Mon Sep 22 20:53:42 2014;Mon Sep 22 20:53:42 2014
0;1;100;0;Mon Sep 22 20:53:42 2014;Mon Sep 22 20:53:42 2014
0;1;100;0;Mon Sep 22 20:53:42 2014;Mon Sep 22 20:53:42 2014
0;1;100;0;Mon Sep 22 20:53:42 2014;Mon Sep 22 20:53:42 2014
0;1;100;0;Mon Sep 22 20:53:42 2014;Mon Sep 22 20:53:42 2014
0;1;100;0;Mon Sep 22 20:53:42 2014;Mon Sep 22 20:53:42 2014
0;1;100;0;Mon Sep 22 20:53:42 2014;Mon Sep 22 20:53:42 2014
0;1;100;0;Mon Sep 22 20:53:42 2014;Mon Sep 22 20:53:42 2014
0;1;100;0;Mon Sep 22 20:53:42 2014;Mon Sep 22 20:53:42 2014
0;1;100;0;Mon Sep 22 20:53:42 2014;Mon Sep 22 20:53:42 2014
0;1;100;0;Mon Sep 22 20:53:42 2014;Mon Sep 22 20:53:42 2014
0;1;100;0;Mon Sep 22 20:53:42 2014;Mon Sep 22 20:53:42 2014
0;1;100;0;Mon Sep 22 20:53:42 2014;Mon Sep 22 20:53:42 2014
0;1;100;0;Mon Sep 22 20:53:42 2014;Mon Sep 22 20:53:42 2014
0;1;100;0;Mon Sep 22 20:53:42 2014;Mon Sep 22 20:53:42 2014
0;1;100;0;Mon Sep 22 20:53:42 2014;Mon Sep 22 20:53:42 2014
graph_generator_type;number_of_threads;matrix_size;distribution_threads_model;computing_start_time;computing_end_time
0;4;100;0;Mon Sep 22 20:54:13 2014;Mon Sep 22 20:54:13 2014
0;4;100;0;Mon Sep 22 20:54:13 2014;Mon Sep 22 20:54:13 2014
0;4;100;0;Mon Sep 22 20:54:14 2014;Mon Sep 22 20:54:14 2014
0;4;100;0;Mon Sep 22 20:54:14 2014;Mon Sep 22 20:54:14 2014
0;4;100;0;Mon Sep 22 20:54:14 2014;Mon Sep 22 20:54:14 2014
0;4;100;0;Mon Sep 22 20:54:14 2014;Mon Sep 22 20:54:14 2014
0;4;100;0;Mon Sep 22 20:54:14 2014;Mon Sep 22 20:54:14 2014
0;4;100;0;Mon Sep 22 20:54:14 2014;Mon Sep 22 20:54:14 2014
0;4;100;0;Mon Sep 22 20:54:14 2014;Mon Sep 22 20:54:14 2014
0;4;100;0;Mon Sep 22 20:54:14 2014;Mon Sep 22 20:54:14 2014
0;4;100;0;Mon Sep 22 20:54:14 2014;Mon Sep 22 20:54:14 2014
0;4;100;0;Mon Sep 22 20:54:14 2014;Mon Sep 22 20:54:14 2014
0;4;100;0;Mon Sep 22 20:54:14 2014;Mon Sep 22 20:54:14 2014
0;4;100;0;Mon Sep 22 20:54:14 2014;Mon Sep 22 20:54:14 2014
0;4;100;0;Mon Sep 22 20:54:14 2014;Mon Sep 22 20:54:14 2014
0;4;100;0;Mon Sep 22 20:54:14 2014;Mon Sep 22 20:54:14 2014
0;4;100;0;Mon Sep 22 20:54:14 2014;Mon Sep 22 20:54:14 2014
0;4;100;0;Mon Sep 22 20:54:14 2014;Mon Sep 22 20:54:14 2014
0;4;100;0;Mon Sep 22 20:54:14 2014;Mon Sep 22 20:54:14 2014
0;4;100;0;Mon Sep 22 20:54:14 2014;Mon Sep 22 20:54:14 2014
0;4;100;0;Mon Sep 22 20:54:14 2014;Mon Sep 22 20:54:14 2014
0;4;100;0;Mon Sep 22 20:54:14 2014;Mon Sep 22 20:54:14 2014
0;4;100;0;Mon Sep 22 20:54:14 2014;Mon Sep 22 20:54:14 2014
0;4;100;0;Mon Sep 22 20:54:14 2014;Mon Sep 22 20:54:14 2014
0;4;100;0;Mon Sep 22 20:54:14 2014;Mon Sep 22 20:54:14 2014
0;4;100;0;Mon Sep 22 20:54:14 2014;Mon Sep 22 20:54:14 2014
0;4;100;0;Mon Sep 22 20:54:14 2014;Mon Sep 22 20:54:14 2014
0;4;100;0;Mon Sep 22 20:54:14 2014;Mon Sep 22 20:54:14 2014
0;4;100;0;Mon Sep 22 20:54:14 2014;Mon Sep 22 20:54:14 2014
0;4;100;0;Mon Sep 22 20:54:15 2014;Mon Sep 22 20:54:15 2014
0;4;100;0;Mon Sep 22 20:54:15 2014;Mon Sep 22 20:54:15 2014
0;4;100;0;Mon Sep 22 20:54:15 2014;Mon Sep 22 20:54:15 2014
0;4;100;0;Mon Sep 22 20:54:15 2014;Mon Sep 22 20:54:15 2014
0;4;100;0;Mon Sep 22 20:54:15 2014;Mon Sep 22 20:54:15 2014
0;4;100;0;Mon Sep 22 20:54:15 2014;Mon Sep 22 20:54:15 2014
0;4;100;0;Mon Sep 22 20:54:15 2014;Mon Sep 22 20:54:15 2014
0;4;100;0;Mon Sep 22 20:54:15 2014;Mon Sep 22 20:54:15 2014
0;4;100;0;Mon Sep 22 20:54:15 2014;Mon Sep 22 20:54:15 2014
0;4;100;0;Mon Sep 22 20:54:15 2014;Mon Sep 22 20:54:15 2014
0;4;100;0;Mon Sep 22 20:54:15 2014;Mon Sep 22 20:54:15 2014
graph_generator_type;number_of_threads;matrix_size;distribution_threads_model;computing_start_time;computing_end_time
0;4;100;0;Mon Sep 22 20:56:53 2014;Mon Sep 22 20:56:53 2014
0;4;100;0;Mon Sep 22 20:56:53 2014;Mon Sep 22 20:56:53 2014
0;4;100;0;Mon Sep 22 20:56:53 2014;Mon Sep 22 20:56:53 2014
0;4;100;0;Mon Sep 22 20:56:53 2014;Mon Sep 22 20:56:53 2014
0;4;100;0;Mon Sep 22 20:56:53 2014;Mon Sep 22 20:56:53 2014
0;4;100;0;Mon Sep 22 20:56:53 2014;Mon Sep 22 20:56:53 2014
0;4;100;0;Mon Sep 22 20:56:53 2014;Mon Sep 22 20:56:53 2014
0;4;100;0;Mon Sep 22 20:56:53 2014;Mon Sep 22 20:56:53 2014
0;4;100;0;Mon Sep 22 20:56:53 2014;Mon Sep 22 20:56:53 2014
0;4;100;0;Mon Sep 22 20:56:53 2014;Mon Sep 22 20:56:53 2014
0;4;100;0;Mon Sep 22 20:56:54 2014;Mon Sep 22 20:56:54 2014
0;4;100;0;Mon Sep 22 20:56:54 2014;Mon Sep 22 20:56:54 2014
0;4;100;0;Mon Sep 22 20:56:54 2014;Mon Sep 22 20:56:54 2014
0;4;100;0;Mon Sep 22 20:56:54 2014;Mon Sep 22 20:56:54 2014
0;4;100;0;Mon Sep 22 20:56:54 2014;Mon Sep 22 20:56:54 2014
0;4;100;0;Mon Sep 22 20:56:54 2014;Mon Sep 22 20:56:54 2014
0;4;100;0;Mon Sep 22 20:56:54 2014;Mon Sep 22 20:56:54 2014
0;4;100;0;Mon Sep 22 20:56:54 2014;Mon Sep 22 20:56:54 2014
0;4;100;0;Mon Sep 22 20:56:54 2014;Mon Sep 22 20:56:54 2014
0;4;100;0;Mon Sep 22 20:56:54 2014;Mon Sep 22 20:56:54 2014
0;4;100;0;Mon Sep 22 20:56:54 2014;Mon Sep 22 20:56:54 2014
0;4;100;0;Mon Sep 22 20:56:54 2014;Mon Sep 22 20:56:54 2014
0;4;100;0;Mon Sep 22 20:56:54 2014;Mon Sep 22 20:56:54 2014
0;4;100;0;Mon Sep 22 20:56:54 2014;Mon Sep 22 20:56:54 2014
0;4;100;0;Mon Sep 22 20:56:54 2014;Mon Sep 22 20:56:54 2014
0;4;100;0;Mon Sep 22 20:56:54 2014;Mon Sep 22 20:56:54 2014
0;4;100;0;Mon Sep 22 20:56:54 2014;Mon Sep 22 20:56:54 2014
0;4;100;0;Mon Sep 22 20:56:54 2014;Mon Sep 22 20:56:54 2014
0;4;100;0;Mon Sep 22 20:56:54 2014;Mon Sep 22 20:56:54 2014
0;4;100;0;Mon Sep 22 20:56:54 2014;Mon Sep 22 20:56:54 2014
0;4;100;0;Mon Sep 22 20:56:54 2014;Mon Sep 22 20:56:54 2014
0;4;100;0;Mon Sep 22 20:56:54 2014;Mon Sep 22 20:56:54 2014
0;4;100;0;Mon Sep 22 20:56:54 2014;Mon Sep 22 20:56:54 2014
0;4;100;0;Mon Sep 22 20:56:54 2014;Mon Sep 22 20:56:54 2014
0;4;100;0;Mon Sep 22 20:56:54 2014;Mon Sep 22 20:56:54 2014
0;4;100;0;Mon Sep 22 20:56:54 2014;Mon Sep 22 20:56:54 2014
0;4;100;0;Mon Sep 22 20:56:54 2014;Mon Sep 22 20:56:54 2014
0;4;100;0;Mon Sep 22 20:56:54 2014;Mon Sep 22 20:56:54 2014
0;4;100;0;Mon Sep 22 20:56:54 2014;Mon Sep 22 20:56:54 2014
0;4;100;0;Mon Sep 22 20:56:54 2014;Mon Sep 22 20:56:54 2014
graph_generator_type;number_of_threads;matrix_size;distribution_threads_model;computing_start_time;computing_end_time
0;4;100;0;Mon Sep 22 22:37:44 2014;Mon Sep 22 22:37:44 2014
0;4;100;0;Mon Sep 22 22:37:44 2014;Mon Sep 22 22:37:44 2014
0;4;100;0;Mon Sep 22 22:37:44 2014;Mon Sep 22 22:37:44 2014
0;4;100;0;Mon Sep 22 22:37:44 2014;Mon Sep 22 22:37:44 2014
0;4;100;0;Mon Sep 22 22:37:44 2014;Mon Sep 22 22:37:44 2014
0;4;100;0;Mon Sep 22 22:37:44 2014;Mon Sep 22 22:37:44 2014
0;4;100;0;Mon Sep 22 22:37:45 2014;Mon Sep 22 22:37:45 2014
0;4;100;0;Mon Sep 22 22:37:45 2014;Mon Sep 22 22:37:45 2014
0;4;100;0;Mon Sep 22 22:37:45 2014;Mon Sep 22 22:37:45 2014
0;4;100;0;Mon Sep 22 22:37:45 2014;Mon Sep 22 22:37:45 2014
0;4;100;0;Mon Sep 22 22:37:45 2014;Mon Sep 22 22:37:45 2014
0;4;100;0;Mon Sep 22 22:37:45 2014;Mon Sep 22 22:37:45 2014
0;4;100;0;Mon Sep 22 22:37:45 2014;Mon Sep 22 22:37:45 2014
0;4;100;0;Mon Sep 22 22:37:45 2014;Mon Sep 22 22:37:45 2014
0;4;100;0;Mon Sep 22 22:37:45 2014;Mon Sep 22 22:37:45 2014
0;4;100;0;Mon Sep 22 22:37:45 2014;Mon Sep 22 22:37:45 2014
0;4;100;0;Mon Sep 22 22:37:45 2014;Mon Sep 22 22:37:45 2014
0;4;100;0;Mon Sep 22 22:37:45 2014;Mon Sep 22 22:37:45 2014
0;4;100;0;Mon Sep 22 22:37:45 2014;Mon Sep 22 22:37:45 2014
0;4;100;0;Mon Sep 22 22:37:45 2014;Mon Sep 22 22:37:45 2014
0;4;100;0;Mon Sep 22 22:37:45 2014;Mon Sep 22 22:37:45 2014
0;4;100;0;Mon Sep 22 22:37:45 2014;Mon Sep 22 22:37:45 2014
0;4;100;0;Mon Sep 22 22:37:45 2014;Mon Sep 22 22:37:45 2014
0;4;100;0;Mon Sep 22 22:37:45 2014;Mon Sep 22 22:37:45 2014
0;4;100;0;Mon Sep 22 22:37:45 2014;Mon Sep 22 22:37:45 2014
0;4;100;0;Mon Sep 22 22:37:45 2014;Mon Sep 22 22:37:45 2014
0;4;100;0;Mon Sep 22 22:37:45 2014;Mon Sep 22 22:37:45 2014
0;4;100;0;Mon Sep 22 22:37:45 2014;Mon Sep 22 22:37:45 2014
0;4;100;0;Mon Sep 22 22:37:45 2014;Mon Sep 22 22:37:45 2014
0;4;100;0;Mon Sep 22 22:37:45 2014;Mon Sep 22 22:37:45 2014
0;4;100;0;Mon Sep 22 22:37:45 2014;Mon Sep 22 22:37:45 2014
0;4;100;0;Mon Sep 22 22:37:45 2014;Mon Sep 22 22:37:45 2014
0;4;100;0;Mon Sep 22 22:37:45 2014;Mon Sep 22 22:37:45 2014
0;4;100;0;Mon Sep 22 22:37:46 2014;Mon Sep 22 22:37:46 2014
0;4;100;0;Mon Sep 22 22:37:46 2014;Mon Sep 22 22:37:46 2014
0;4;100;0;Mon Sep 22 22:37:46 2014;Mon Sep 22 22:37:46 2014
0;4;100;0;Mon Sep 22 22:37:46 2014;Mon Sep 22 22:37:46 2014
0;4;100;0;Mon Sep 22 22:37:46 2014;Mon Sep 22 22:37:46 2014
0;4;100;0;Mon Sep 22 22:37:46 2014;Mon Sep 22 22:37:46 2014
0;4;100;0;Mon Sep 22 22:37:46 2014;Mon Sep 22 22:37:46 2014
graph_generator_type;number_of_threads;matrix_size;distribution_threads_model;computing_start_time;computing_end_time
0;4;100;0;Mon Sep 22 22:39:35 2014;Mon Sep 22 22:39:35 2014
0;4;100;0;Mon Sep 22 22:39:35 2014;Mon Sep 22 22:39:35 2014
0;4;100;0;Mon Sep 22 22:39:35 2014;Mon Sep 22 22:39:35 2014
0;4;100;0;Mon Sep 22 22:39:35 2014;Mon Sep 22 22:39:35 2014
0;4;100;0;Mon Sep 22 22:39:35 2014;Mon Sep 22 22:39:35 2014
0;4;100;0;Mon Sep 22 22:39:35 2014;Mon Sep 22 22:39:35 2014
0;4;100;0;Mon Sep 22 22:39:35 2014;Mon Sep 22 22:39:35 2014
0;4;100;0;Mon Sep 22 22:39:35 2014;Mon Sep 22 22:39:35 2014
0;4;100;0;Mon Sep 22 22:39:35 2014;Mon Sep 22 22:39:35 2014
0;4;100;0;Mon Sep 22 22:39:36 2014;Mon Sep 22 22:39:36 2014
0;4;100;0;Mon Sep 22 22:39:36 2014;Mon Sep 22 22:39:36 2014
0;4;100;0;Mon Sep 22 22:39:36 2014;Mon Sep 22 22:39:36 2014
0;4;100;0;Mon Sep 22 22:39:36 2014;Mon Sep 22 22:39:36 2014
0;4;100;0;Mon Sep 22 22:39:36 2014;Mon Sep 22 22:39:36 2014
0;4;100;0;Mon Sep 22 22:39:36 2014;Mon Sep 22 22:39:36 2014
0;4;100;0;Mon Sep 22 22:39:36 2014;Mon Sep 22 22:39:36 2014
0;4;100;0;Mon Sep 22 22:39:36 2014;Mon Sep 22 22:39:36 2014
0;4;100;0;Mon Sep 22 22:39:36 2014;Mon Sep 22 22:39:36 2014
0;4;100;0;Mon Sep 22 22:39:36 2014;Mon Sep 22 22:39:36 2014
0;4;100;0;Mon Sep 22 22:39:36 2014;Mon Sep 22 22:39:36 2014
0;4;100;0;Mon Sep 22 22:39:36 2014;Mon Sep 22 22:39:36 2014
0;4;100;0;Mon Sep 22 22:39:36 2014;Mon Sep 22 22:39:36 2014
0;4;100;0;Mon Sep 22 22:39:36 2014;Mon Sep 22 22:39:36 2014
0;4;100;0;Mon Sep 22 22:39:36 2014;Mon Sep 22 22:39:36 2014
0;4;100;0;Mon Sep 22 22:39:36 2014;Mon Sep 22 22:39:36 2014
0;4;100;0;Mon Sep 22 22:39:36 2014;Mon Sep 22 22:39:36 2014
0;4;100;0;Mon Sep 22 22:39:36 2014;Mon Sep 22 22:39:36 2014
0;4;100;0;Mon Sep 22 22:39:36 2014;Mon Sep 22 22:39:36 2014
0;4;100;0;Mon Sep 22 22:39:36 2014;Mon Sep 22 22:39:36 2014
0;4;100;0;Mon Sep 22 22:39:36 2014;Mon Sep 22 22:39:36 2014
0;4;100;0;Mon Sep 22 22:39:36 2014;Mon Sep 22 22:39:36 2014
0;4;100;0;Mon Sep 22 22:39:36 2014;Mon Sep 22 22:39:36 2014
0;4;100;0;Mon Sep 22 22:39:37 2014;Mon Sep 22 22:39:37 2014
0;4;100;0;Mon Sep 22 22:39:37 2014;Mon Sep 22 22:39:37 2014
0;4;100;0;Mon Sep 22 22:39:37 2014;Mon Sep 22 22:39:37 2014
0;4;100;0;Mon Sep 22 22:39:37 2014;Mon Sep 22 22:39:37 2014
0;4;100;0;Mon Sep 22 22:39:37 2014;Mon Sep 22 22:39:37 2014
0;4;100;0;Mon Sep 22 22:39:37 2014;Mon Sep 22 22:39:37 2014
0;4;100;0;Mon Sep 22 22:39:37 2014;Mon Sep 22 22:39:37 2014
0;4;100;0;Mon Sep 22 22:39:37 2014;Mon Sep 22 22:39:37 2014
graph_generator_type;number_of_threads;matrix_size;distribution_threads_model;computing_start_time;computing_end_time
0;4;100;0;Mon Sep 22 22:40:03 2014;Mon Sep 22 22:40:03 2014
0;4;100;0;Mon Sep 22 22:40:03 2014;Mon Sep 22 22:40:03 2014
0;4;100;0;Mon Sep 22 22:40:03 2014;Mon Sep 22 22:40:03 2014
0;4;100;0;Mon Sep 22 22:40:03 2014;Mon Sep 22 22:40:03 2014
0;4;100;0;Mon Sep 22 22:40:03 2014;Mon Sep 22 22:40:03 2014
0;4;100;0;Mon Sep 22 22:40:03 2014;Mon Sep 22 22:40:03 2014
0;4;100;0;Mon Sep 22 22:40:03 2014;Mon Sep 22 22:40:03 2014
0;4;100;0;Mon Sep 22 22:40:03 2014;Mon Sep 22 22:40:03 2014
0;4;100;0;Mon Sep 22 22:40:03 2014;Mon Sep 22 22:40:03 2014
0;4;100;0;Mon Sep 22 22:40:03 2014;Mon Sep 22 22:40:03 2014
0;4;100;0;Mon Sep 22 22:40:03 2014;Mon Sep 22 22:40:03 2014
0;4;100;0;Mon Sep 22 22:40:03 2014;Mon Sep 22 22:40:03 2014
0;4;100;0;Mon Sep 22 22:40:03 2014;Mon Sep 22 22:40:03 2014
0;4;100;0;Mon Sep 22 22:40:03 2014;Mon Sep 22 22:40:03 2014
0;4;100;0;Mon Sep 22 22:40:03 2014;Mon Sep 22 22:40:03 2014
0;4;100;0;Mon Sep 22 22:40:03 2014;Mon Sep 22 22:40:03 2014
0;4;100;0;Mon Sep 22 22:40:03 2014;Mon Sep 22 22:40:03 2014
0;4;100;0;Mon Sep 22 22:40:03 2014;Mon Sep 22 22:40:03 2014
0;4;100;0;Mon Sep 22 22:40:03 2014;Mon Sep 22 22:40:03 2014
0;4;100;0;Mon Sep 22 22:40:03 2014;Mon Sep 22 22:40:03 2014
0;4;100;0;Mon Sep 22 22:40:03 2014;Mon Sep 22 22:40:03 2014
0;4;100;0;Mon Sep 22 22:40:03 2014;Mon Sep 22 22:40:03 2014
0;4;100;0;Mon Sep 22 22:40:03 2014;Mon Sep 22 22:40:03 2014
0;4;100;0;Mon Sep 22 22:40:04 2014;Mon Sep 22 22:40:04 2014
0;4;100;0;Mon Sep 22 22:40:04 2014;Mon Sep 22 22:40:04 2014
0;4;100;0;Mon Sep 22 22:40:04 2014;Mon Sep 22 22:40:04 2014
0;4;100;0;Mon Sep 22 22:40:04 2014;Mon Sep 22 22:40:04 2014
0;4;100;0;Mon Sep 22 22:40:04 2014;Mon Sep 22 22:40:04 2014
0;4;100;0;Mon Sep 22 22:40:04 2014;Mon Sep 22 22:40:04 2014
0;4;100;0;Mon Sep 22 22:40:04 2014;Mon Sep 22 22:40:04 2014
0;4;100;0;Mon Sep 22 22:40:04 2014;Mon Sep 22 22:40:04 2014
0;4;100;0;Mon Sep 22 22:40:04 2014;Mon Sep 22 22:40:04 2014
0;4;100;0;Mon Sep 22 22:40:04 2014;Mon Sep 22 22:40:04 2014
0;4;100;0;Mon Sep 22 22:40:04 2014;Mon Sep 22 22:40:04 2014
0;4;100;0;Mon Sep 22 22:40:04 2014;Mon Sep 22 22:40:04 2014
0;4;100;0;Mon Sep 22 22:40:04 2014;Mon Sep 22 22:40:04 2014
0;4;100;0;Mon Sep 22 22:40:04 2014;Mon Sep 22 22:40:04 2014
0;4;100;0;Mon Sep 22 22:40:04 2014;Mon Sep 22 22:40:04 2014
0;4;100;0;Mon Sep 22 22:40:04 2014;Mon Sep 22 22:40:04 2014
0;4;100;0;Mon Sep 22 22:40:04 2014;Mon Sep 22 22:40:04 2014
graph_generator_type;number_of_threads;matrix_size;distribution_threads_model;computing_start_time;computing_end_time
0;4;100;0;Mon Sep 22 22:46:09 2014;Mon Sep 22 22:46:09 2014
0;4;100;0;Mon Sep 22 22:46:09 2014;Mon Sep 22 22:46:09 2014
0;4;100;0;Mon Sep 22 22:46:09 2014;Mon Sep 22 22:46:09 2014
0;4;100;0;Mon Sep 22 22:46:09 2014;Mon Sep 22 22:46:09 2014
0;4;100;0;Mon Sep 22 22:46:09 2014;Mon Sep 22 22:46:09 2014
0;4;100;0;Mon Sep 22 22:46:09 2014;Mon Sep 22 22:46:09 2014
0;4;100;0;Mon Sep 22 22:46:09 2014;Mon Sep 22 22:46:09 2014
0;4;100;0;Mon Sep 22 22:46:09 2014;Mon Sep 22 22:46:09 2014
0;4;100;0;Mon Sep 22 22:46:09 2014;Mon Sep 22 22:46:09 2014
0;4;100;0;Mon Sep 22 22:46:09 2014;Mon Sep 22 22:46:09 2014
0;4;100;0;Mon Sep 22 22:46:09 2014;Mon Sep 22 22:46:09 2014
0;4;100;0;Mon Sep 22 22:46:09 2014;Mon Sep 22 22:46:09 2014
0;4;100;0;Mon Sep 22 22:46:09 2014;Mon Sep 22 22:46:09 2014
0;4;100;0;Mon Sep 22 22:46:09 2014;Mon Sep 22 22:46:09 2014
0;4;100;0;Mon Sep 22 22:46:09 2014;Mon Sep 22 22:46:09 2014
0;4;100;0;Mon Sep 22 22:46:09 2014;Mon Sep 22 22:46:09 2014
0;4;100;0;Mon Sep 22 22:46:09 2014;Mon Sep 22 22:46:09 2014
0;4;100;0;Mon Sep 22 22:46:09 2014;Mon Sep 22 22:46:09 2014
0;4;100;0;Mon Sep 22 22:46:09 2014;Mon Sep 22 22:46:09 2014
0;4;100;0;Mon Sep 22 22:46:09 2014;Mon Sep 22 22:46:09 2014
0;4;100;0;Mon Sep 22 22:46:09 2014;Mon Sep 22 22:46:09 2014
0;4;100;0;Mon Sep 22 22:46:09 2014;Mon Sep 22 22:46:09 2014
0;4;100;0;Mon Sep 22 22:46:09 2014;Mon Sep 22 22:46:09 2014
0;4;100;0;Mon Sep 22 22:46:09 2014;Mon Sep 22 22:46:09 2014
0;4;100;0;Mon Sep 22 22:46:09 2014;Mon Sep 22 22:46:09 2014
0;4;100;0;Mon Sep 22 22:46:10 2014;Mon Sep 22 22:46:10 2014
0;4;100;0;Mon Sep 22 22:46:10 2014;Mon Sep 22 22:46:10 2014
0;4;100;0;Mon Sep 22 22:46:10 2014;Mon Sep 22 22:46:10 2014
0;4;100;0;Mon Sep 22 22:46:10 2014;Mon Sep 22 22:46:10 2014
0;4;100;0;Mon Sep 22 22:46:10 2014;Mon Sep 22 22:46:10 2014
0;4;100;0;Mon Sep 22 22:46:10 2014;Mon Sep 22 22:46:10 2014
0;4;100;0;Mon Sep 22 22:46:10 2014;Mon Sep 22 22:46:10 2014
0;4;100;0;Mon Sep 22 22:46:10 2014;Mon Sep 22 22:46:10 2014
0;4;100;0;Mon Sep 22 22:46:10 2014;Mon Sep 22 22:46:10 2014
0;4;100;0;Mon Sep 22 22:46:10 2014;Mon Sep 22 22:46:10 2014
0;4;100;0;Mon Sep 22 22:46:10 2014;Mon Sep 22 22:46:10 2014
0;4;100;0;Mon Sep 22 22:46:10 2014;Mon Sep 22 22:46:10 2014
0;4;100;0;Mon Sep 22 22:46:10 2014;Mon Sep 22 22:46:10 2014
0;4;100;0;Mon Sep 22 22:46:10 2014;Mon Sep 22 22:46:10 2014
0;4;100;0;Mon Sep 22 22:46:10 2014;Mon Sep 22 22:46:10 2014
graph_generator_type;number_of_threads;matrix_size;distribution_threads_model;computing_start_time;computing_end_time
0;4;100;0;Mon Sep 22 22:48:43 2014;Mon Sep 22 22:48:43 2014
0;4;100;0;Mon Sep 22 22:48:43 2014;Mon Sep 22 22:48:43 2014
0;4;100;0;Mon Sep 22 22:48:43 2014;Mon Sep 22 22:48:43 2014
0;4;100;0;Mon Sep 22 22:48:43 2014;Mon Sep 22 22:48:43 2014
0;4;100;0;Mon Sep 22 22:48:43 2014;Mon Sep 22 22:48:43 2014
0;4;100;0;Mon Sep 22 22:48:43 2014;Mon Sep 22 22:48:43 2014
0;4;100;0;Mon Sep 22 22:48:43 2014;Mon Sep 22 22:48:43 2014
0;4;100;0;Mon Sep 22 22:48:43 2014;Mon Sep 22 22:48:43 2014
0;4;100;0;Mon Sep 22 22:48:43 2014;Mon Sep 22 22:48:43 2014
0;4;100;0;Mon Sep 22 22:48:43 2014;Mon Sep 22 22:48:43 2014
0;4;100;0;Mon Sep 22 22:48:43 2014;Mon Sep 22 22:48:43 2014
0;4;100;0;Mon Sep 22 22:48:43 2014;Mon Sep 22 22:48:43 2014
0;4;100;0;Mon Sep 22 22:48:43 2014;Mon Sep 22 22:48:43 2014
0;4;100;0;Mon Sep 22 22:48:43 2014;Mon Sep 22 22:48:43 2014
0;4;100;0;Mon Sep 22 22:48:43 2014;Mon Sep 22 22:48:43 2014
0;4;100;0;Mon Sep 22 22:48:43 2014;Mon Sep 22 22:48:43 2014
0;4;100;0;Mon Sep 22 22:48:43 2014;Mon Sep 22 22:48:43 2014
0;4;100;0;Mon Sep 22 22:48:43 2014;Mon Sep 22 22:48:43 2014
0;4;100;0;Mon Sep 22 22:48:43 2014;Mon Sep 22 22:48:43 2014
0;4;100;0;Mon Sep 22 22:48:43 2014;Mon Sep 22 22:48:43 2014
0;4;100;0;Mon Sep 22 22:48:43 2014;Mon Sep 22 22:48:43 2014
0;4;100;0;Mon Sep 22 22:48:44 2014;Mon Sep 22 22:48:44 2014
0;4;100;0;Mon Sep 22 22:48:44 2014;Mon Sep 22 22:48:44 2014
0;4;100;0;Mon Sep 22 22:48:44 2014;Mon Sep 22 22:48:44 2014
0;4;100;0;Mon Sep 22 22:48:44 2014;Mon Sep 22 22:48:44 2014
0;4;100;0;Mon Sep 22 22:48:44 2014;Mon Sep 22 22:48:44 2014
0;4;100;0;Mon Sep 22 22:48:44 2014;Mon Sep 22 22:48:44 2014
0;4;100;0;Mon Sep 22 22:48:44 2014;Mon Sep 22 22:48:44 2014
0;4;100;0;Mon Sep 22 22:48:44 2014;Mon Sep 22 22:48:44 2014
0;4;100;0;Mon Sep 22 22:48:44 2014;Mon Sep 22 22:48:44 2014
0;4;100;0;Mon Sep 22 22:48:44 2014;Mon Sep 22 22:48:44 2014
0;4;100;0;Mon Sep 22 22:48:44 2014;Mon Sep 22 22:48:44 2014
0;4;100;0;Mon Sep 22 22:48:44 2014;Mon Sep 22 22:48:44 2014
0;4;100;0;Mon Sep 22 22:48:44 2014;Mon Sep 22 22:48:44 2014
0;4;100;0;Mon Sep 22 22:48:44 2014;Mon Sep 22 22:48:44 2014
0;4;100;0;Mon Sep 22 22:48:44 2014;Mon Sep 22 22:48:44 2014
0;4;100;0;Mon Sep 22 22:48:44 2014;Mon Sep 22 22:48:44 2014
0;4;100;0;Mon Sep 22 22:48:44 2014;Mon Sep 22 22:48:44 2014
0;4;100;0;Mon Sep 22 22:48:44 2014;Mon Sep 22 22:48:44 2014
0;4;100;0;Mon Sep 22 22:48:44 2014;Mon Sep 22 22:48:44 2014
graph_generator_type;number_of_threads;matrix_size;distribution_threads_model;computing_start_time;computing_end_time
0;4;100;0;Mon Sep 22 22:50:52 2014;Mon Sep 22 22:50:52 2014
0;4;100;0;Mon Sep 22 22:50:52 2014;Mon Sep 22 22:50:52 2014
0;4;100;0;Mon Sep 22 22:50:52 2014;Mon Sep 22 22:50:52 2014
0;4;100;0;Mon Sep 22 22:50:52 2014;Mon Sep 22 22:50:52 2014
0;4;100;0;Mon Sep 22 22:50:52 2014;Mon Sep 22 22:50:52 2014
0;4;100;0;Mon Sep 22 22:50:53 2014;Mon Sep 22 22:50:53 2014
0;4;100;0;Mon Sep 22 22:50:53 2014;Mon Sep 22 22:50:53 2014
0;4;100;0;Mon Sep 22 22:50:53 2014;Mon Sep 22 22:50:53 2014
0;4;100;0;Mon Sep 22 22:50:53 2014;Mon Sep 22 22:50:53 2014
0;4;100;0;Mon Sep 22 22:50:53 2014;Mon Sep 22 22:50:53 2014
0;4;100;0;Mon Sep 22 22:50:53 2014;Mon Sep 22 22:50:53 2014
0;4;100;0;Mon Sep 22 22:50:53 2014;Mon Sep 22 22:50:53 2014
0;4;100;0;Mon Sep 22 22:50:53 2014;Mon Sep 22 22:50:53 2014
0;4;100;0;Mon Sep 22 22:50:53 2014;Mon Sep 22 22:50:53 2014
0;4;100;0;Mon Sep 22 22:50:53 2014;Mon Sep 22 22:50:53 2014
0;4;100;0;Mon Sep 22 22:50:53 2014;Mon Sep 22 22:50:53 2014
0;4;100;0;Mon Sep 22 22:50:53 2014;Mon Sep 22 22:50:53 2014
0;4;100;0;Mon Sep 22 22:50:53 2014;Mon Sep 22 22:50:53 2014
0;4;100;0;Mon Sep 22 22:50:53 2014;Mon Sep 22 22:50:53 2014
0;4;100;0;Mon Sep 22 22:50:53 2014;Mon Sep 22 22:50:53 2014
0;4;100;0;Mon Sep 22 22:50:53 2014;Mon Sep 22 22:50:53 2014
0;4;100;0;Mon Sep 22 22:50:53 2014;Mon Sep 22 22:50:53 2014
0;4;100;0;Mon Sep 22 22:50:53 2014;Mon Sep 22 22:50:53 2014
0;4;100;0;Mon Sep 22 22:50:53 2014;Mon Sep 22 22:50:53 2014
0;4;100;0;Mon Sep 22 22:50:53 2014;Mon Sep 22 22:50:53 2014
0;4;100;0;Mon Sep 22 22:50:53 2014;Mon Sep 22 22:50:53 2014
0;4;100;0;Mon Sep 22 22:50:53 2014;Mon Sep 22 22:50:53 2014
0;4;100;0;Mon Sep 22 22:50:53 2014;Mon Sep 22 22:50:53 2014
0;4;100;0;Mon Sep 22 22:50:53 2014;Mon Sep 22 22:50:53 2014
0;4;100;0;Mon Sep 22 22:50:53 2014;Mon Sep 22 22:50:53 2014
0;4;100;0;Mon Sep 22 22:50:53 2014;Mon Sep 22 22:50:53 2014
0;4;100;0;Mon Sep 22 22:50:53 2014;Mon Sep 22 22:50:53 2014
0;4;100;0;Mon Sep 22 22:50:53 2014;Mon Sep 22 22:50:53 2014
0;4;100;0;Mon Sep 22 22:50:53 2014;Mon Sep 22 22:50:53 2014
0;4;100;0;Mon Sep 22 22:50:54 2014;Mon Sep 22 22:50:54 2014
0;4;100;0;Mon Sep 22 22:50:54 2014;Mon Sep 22 22:50:54 2014
0;4;100;0;Mon Sep 22 22:50:54 2014;Mon Sep 22 22:50:54 2014
0;4;100;0;Mon Sep 22 22:50:54 2014;Mon Sep 22 22:50:54 2014
0;4;100;0;Mon Sep 22 22:50:54 2014;Mon Sep 22 22:50:54 2014
0;4;100;0;Mon Sep 22 22:50:54 2014;Mon Sep 22 22:50:54 2014
